id,firstname,surname,telephone,email
1,Albert,Schmidt,591-(219)262-1957,aschmidt0@engadget.com
2,Linda,Garza,86-(193)862-1777,lgarza1@patch.com
3,Albert,Allen,1-(312)841-3390,aallen2@edublogs.org
4,Gregory,Carpenter,351-(936)641-1319,gcarpenter3@phoca.cz
5,Patrick,Hicks,62-(143)931-8182,phicks4@tumblr.com
6,Roger,Carpenter,33-(284)904-1384,rcarpenter5@unicef.org
7,Julie,Stewart,356-(343)954-7660,jstewart6@lulu.com
8,David,Simpson,86-(115)689-5424,dsimpson7@shareasale.com
9,Sarah,Williamson,86-(777)659-2686,swilliamson8@ftc.gov
10,Eric,Garcia,62-(569)629-9999,egarcia9@omniture.com
11,Martha,Bell,62-(901)759-4328,mbella@scribd.com
12,Mary,Chavez,256-(959)348-6322,mchavezb@comcast.net
13,Peter,Moreno,86-(907)291-8588,pmorenoc@redcross.org
14,Adam,Lewis,86-(343)191-0881,alewisd@acquirethisname.com
15,Maria,Scott,86-(619)372-8518,mscotte@businesswire.com
16,Patrick,Scott,62-(164)142-1899,pscottf@independent.co.uk
17,Nicholas,Carroll,62-(226)416-3912,ncarrollg@vinaora.com
18,Billy,Sanders,63-(269)862-1580,bsandersh@mail.ru
19,Jimmy,Weaver,55-(625)968-0430,jweaveri@wikispaces.com
20,Irene,Gonzales,357-(324)930-9128,igonzalesj@nps.gov
21,Roger,King,7-(791)665-2198,rkingk@cbc.ca
22,Donald,Gonzalez,86-(689)441-5550,dgonzalezl@ox.ac.uk
23,Roger,Gordon,356-(339)488-6102,rgordonm@php.net
24,Lillian,Hawkins,7-(196)249-4637,lhawkinsn@seattletimes.com
25,Paul,Morrison,55-(915)930-2384,pmorrisono@harvard.edu